-- phpMyAdmin SQL Dump
-- version 4.8.5
-- https://www.phpmyadmin.net/
--
<<<<<<< HEAD
-- Host: localhost:3306
-- Waktu pembuatan: 31 Mar 2019 pada 09.45
-- Versi server: 5.7.25
-- Versi PHP: 7.3.1
=======
-- Host: localhost
-- Generation Time: Apr 04, 2019 at 08:43 AM
-- Server version: 5.7.24
-- PHP Version: 7.2.11
>>>>>>> third commit

SET SQL_MODE = "NO_AUTO_VALUE_ON_ZERO";
SET AUTOCOMMIT = 0;
START TRANSACTION;
SET time_zone = "+00:00";


/*!40101 SET @OLD_CHARACTER_SET_CLIENT=@@CHARACTER_SET_CLIENT */;
/*!40101 SET @OLD_CHARACTER_SET_RESULTS=@@CHARACTER_SET_RESULTS */;
/*!40101 SET @OLD_COLLATION_CONNECTION=@@COLLATION_CONNECTION */;
/*!40101 SET NAMES utf8mb4 */;

--
-- Database: `db_inventaris`
--

-- --------------------------------------------------------

--
<<<<<<< HEAD
-- Struktur dari tabel `inventaris`
=======
-- Table structure for table `inventaris`
>>>>>>> third commit
--

CREATE TABLE `inventaris` (
  `id` int(9) NOT NULL,
  `nama` varchar(50) NOT NULL,
  `kode_inventaris` varchar(9) NOT NULL,
  `kondisi` varchar(50) NOT NULL,
  `keterangan` text NOT NULL,
  `jumlah` int(9) NOT NULL,
  `id_jenis` int(9) NOT NULL,
  `id_ruang` int(11) NOT NULL,
  `pegawai_id` int(11) UNSIGNED NOT NULL,
  `created_at` timestamp NULL DEFAULT NULL,
  `updated_at` timestamp NULL DEFAULT NULL
) ENGINE=InnoDB DEFAULT CHARSET=latin1;

--
<<<<<<< HEAD
-- Dumping data untuk tabel `inventaris`
--

INSERT INTO `inventaris` (`id`, `nama`, `kode_inventaris`, `kondisi`, `keterangan`, `jumlah`, `id_jenis`, `id_ruang`, `pegawai_id`, `created_at`, `updated_at`) VALUES
(3, 'LAPTOP ACER', 'ACR001', 'BAIK', 'BARANG INI LAPTOP', 30, 2, 1, 1, '2019-03-30 17:00:00', NULL),
(7, 'laptop aceros', 'ACRS01', 'BAIK', 'BARU', 20, 2, 2, 2, NULL, NULL),
(8, 'sapu', 'SPU01', 'BARU', 'BARU', 9, 2, 2, 2, NULL, '2019-03-31 02:31:26'),
(9, 'laptop aceros', 'ACRS01', 'BAIK', 'BAIK', 50, 2, 2, 2, NULL, NULL),
(10, 'laptop acer', 'ACRS01', 'BARU', 'BARU', 21, 2, 2, 2, NULL, NULL),
(11, 'laptop acer', 'ACRS01', 'BARU', 'BARU', 21, 2, 2, 2, NULL, NULL),
(12, 'laptop acer', 'ACRS01', 'BAIK', 'BARU', 22, 2, 2, 2, NULL, NULL),
(13, 'laptop acer', 'ACRS01', 'BARU', 'BAIK', 31, 2, 1, 1, NULL, NULL);
=======
-- Dumping data for table `inventaris`
--

INSERT INTO `inventaris` (`id`, `nama`, `kode_inventaris`, `kondisi`, `keterangan`, `jumlah`, `id_jenis`, `id_ruang`, `pegawai_id`, `created_at`, `updated_at`) VALUES
(3, 'LAPTOP ACER', 'ACR001', 'BAIK', 'BARANG INI LAPTOP', 29, 2, 1, 1, '2019-03-30 17:00:00', '2019-04-03 23:16:59'),
(7, 'laptop aceros', 'ACRS01', 'BAIK', 'BARU', 20, 2, 2, 2, NULL, NULL),
(8, 'sapu', 'SPU01', 'BARU', 'BARU', 10, 2, 2, 2, NULL, '2019-03-31 08:01:30'),
(9, 'laptop aceros', 'ACRS01', 'BAIK', 'BAIK', 50, 2, 2, 2, NULL, NULL),
(10, 'laptop acer', 'ACRS01', 'BARU', 'BARU', 21, 2, 2, 2, NULL, '2019-04-01 20:24:45'),
(11, 'laptop acer', 'ACRS01', 'BARU', 'BARU', 20, 2, 2, 2, NULL, '2019-03-31 04:40:33'),
(12, 'laptop acer', 'ACRS01', 'BAIK', 'BARU', 22, 2, 2, 2, NULL, '2019-03-31 04:29:34'),
(13, 'laptop acer', 'ACRS01', 'BARU', 'BAIK', 30, 2, 1, 1, NULL, '2019-04-01 20:25:33');
>>>>>>> third commit

-- --------------------------------------------------------

--
<<<<<<< HEAD
-- Struktur dari tabel `jenis`
=======
-- Table structure for table `jenis`
>>>>>>> third commit
--

CREATE TABLE `jenis` (
  `id` int(9) NOT NULL,
  `nama_jenis` varchar(20) NOT NULL,
  `kode_jenis` varchar(30) NOT NULL,
  `keterangan` text NOT NULL
) ENGINE=InnoDB DEFAULT CHARSET=latin1;

--
<<<<<<< HEAD
-- Dumping data untuk tabel `jenis`
--

INSERT INTO `jenis` (`id`, `nama_jenis`, `kode_jenis`, `keterangan`) VALUES
(2, 'PINJAM', 'PNJM001', 'INI HANYA UNTUK DI PINJAM SEBENTAR');
=======
-- Dumping data for table `jenis`
--

INSERT INTO `jenis` (`id`, `nama_jenis`, `kode_jenis`, `keterangan`) VALUES
(2, 'PINJAM', 'PNJM001', 'Pinjam bentar');
>>>>>>> third commit

-- --------------------------------------------------------

--
<<<<<<< HEAD
-- Struktur dari tabel `migrations`
=======
-- Table structure for table `migrations`
>>>>>>> third commit
--

CREATE TABLE `migrations` (
  `id` int(10) UNSIGNED NOT NULL,
  `migration` varchar(255) COLLATE utf8mb4_unicode_ci NOT NULL,
  `batch` int(11) NOT NULL
) ENGINE=InnoDB DEFAULT CHARSET=utf8mb4 COLLATE=utf8mb4_unicode_ci;

--
<<<<<<< HEAD
-- Dumping data untuk tabel `migrations`
=======
-- Dumping data for table `migrations`
>>>>>>> third commit
--

INSERT INTO `migrations` (`id`, `migration`, `batch`) VALUES
(3, '2014_10_12_000000_create_users_table', 1),
(4, '2014_10_12_100000_create_password_resets_table', 1);

-- --------------------------------------------------------

--
<<<<<<< HEAD
-- Struktur dari tabel `password_resets`
=======
-- Table structure for table `password_resets`
>>>>>>> third commit
--

CREATE TABLE `password_resets` (
  `email` varchar(255) COLLATE utf8mb4_unicode_ci NOT NULL,
  `token` varchar(255) COLLATE utf8mb4_unicode_ci NOT NULL,
  `created_at` timestamp NULL DEFAULT NULL
) ENGINE=InnoDB DEFAULT CHARSET=utf8mb4 COLLATE=utf8mb4_unicode_ci;

--
<<<<<<< HEAD
-- Dumping data untuk tabel `password_resets`
=======
-- Dumping data for table `password_resets`
>>>>>>> third commit
--

INSERT INTO `password_resets` (`email`, `token`, `created_at`) VALUES
('heruwansyah@admin.com', '$2y$10$q53I87kPLKKD8/d.q.XT6eyoYZSyzpDsoCoDPK3uHLXEvMbLBW2mS', '2019-01-09 18:12:07'),
('heruwansyah@gmail.com', '$2y$10$vwjAvVAZbfcUVHyF.L.cf.std3ixDWeisEpPzei.qzTELXm.esgsi', '2019-01-22 21:20:12'),
('kaiidris423@gmail.com', '$2y$10$quBzFfFL9Sc7mbHykMxiB.09CKr6yu0o2ePI9FipdedCLrEgKAOpm', '2019-01-23 02:51:36'),
('farhansyamsuddin3@gmail.com', '$2y$10$jyca08wexu/JkgN2XXaejes22kogncsM3kBJZqJfURvBfyelsVa7G', '2019-01-23 02:56:24');

-- --------------------------------------------------------

--
<<<<<<< HEAD
-- Struktur dari tabel `ruang`
=======
-- Table structure for table `ruang`
>>>>>>> third commit
--

CREATE TABLE `ruang` (
  `id` int(11) NOT NULL,
  `nama_ruang` varchar(30) NOT NULL,
  `kode_ruang` varchar(9) NOT NULL,
  `keterangan` text NOT NULL
) ENGINE=InnoDB DEFAULT CHARSET=latin1;

--
<<<<<<< HEAD
-- Dumping data untuk tabel `ruang`
=======
-- Dumping data for table `ruang`
>>>>>>> third commit
--

INSERT INTO `ruang` (`id`, `nama_ruang`, `kode_ruang`, `keterangan`) VALUES
(1, 'LAB2', 'LB2', 'BARANG INI ADA DI LAB 2'),
(2, 'lab_animasi', 'anm_lab', 'ruangan ini ada di dekat tempat parkir');

-- --------------------------------------------------------

--
<<<<<<< HEAD
-- Struktur dari tabel `transaksi`
=======
-- Table structure for table `transaksi`
>>>>>>> third commit
--

CREATE TABLE `transaksi` (
  `id` int(9) NOT NULL,
  `kode_transaksi` varchar(255) NOT NULL,
  `pegawai_id` int(11) UNSIGNED NOT NULL,
  `barang_id` int(10) NOT NULL,
  `tgl_pinjam` date NOT NULL,
  `tgl_kembali` date NOT NULL,
  `status` enum('pinjam','kembali') NOT NULL,
  `ket` text,
  `created_at` timestamp NULL DEFAULT NULL,
  `updated_at` timestamp NULL DEFAULT NULL
) ENGINE=InnoDB DEFAULT CHARSET=latin1;

--
<<<<<<< HEAD
-- Dumping data untuk tabel `transaksi`
--

INSERT INTO `transaksi` (`id`, `kode_transaksi`, `pegawai_id`, `barang_id`, `tgl_pinjam`, `tgl_kembali`, `status`, `ket`, `created_at`, `updated_at`) VALUES
(1, 'TR00001', 6, 8, '2019-03-31', '2019-04-02', 'pinjam', 'saya pinjam untuk membersihkan kelas', '2019-03-31 02:31:25', '2019-03-31 02:31:25');
=======
-- Dumping data for table `transaksi`
--

INSERT INTO `transaksi` (`id`, `kode_transaksi`, `pegawai_id`, `barang_id`, `tgl_pinjam`, `tgl_kembali`, `status`, `ket`, `created_at`, `updated_at`) VALUES
(1, 'TR00001', 6, 8, '2019-03-31', '2019-04-02', 'kembali', 'saya pinjam untuk membersihkan kelas', '2019-03-31 02:31:25', '2019-03-31 08:01:29'),
(2, 'TR00002', 3, 12, '2019-03-19', '2019-04-05', 'kembali', 'saya mau pinjam barang ini buat ngoding', '2019-03-31 04:25:46', '2019-03-31 04:29:34'),
(3, 'TR00003', 3, 11, '2019-03-31', '2019-04-05', 'pinjam', 'buat ngoding lagi', '2019-03-31 04:40:33', '2019-03-31 04:40:33'),
(4, 'TR00004', 19, 10, '2019-04-02', '2019-04-07', 'kembali', 'buat keperluan', '2019-04-01 20:24:22', '2019-04-01 20:24:45'),
(5, 'TR00005', 15, 13, '2019-04-02', '2019-04-07', 'pinjam', 'buat keperluan', '2019-04-01 20:25:33', '2019-04-01 20:25:33'),
(6, 'TR00006', 25, 3, '2019-04-02', '2019-04-02', 'pinjam', 'buat keperluan', '2019-04-01 20:40:27', '2019-04-01 20:40:27'),
(7, 'TR00007', 3, 3, '2019-04-04', '2019-04-09', 'kembali', 'buat keperluan', '2019-04-03 23:15:38', '2019-04-03 23:16:58');
>>>>>>> third commit

-- --------------------------------------------------------

--
<<<<<<< HEAD
-- Struktur dari tabel `users`
=======
-- Table structure for table `users`
>>>>>>> third commit
--

CREATE TABLE `users` (
  `id` int(10) UNSIGNED NOT NULL,
  `name` varchar(255) COLLATE utf8mb4_unicode_ci NOT NULL,
  `email` varchar(255) COLLATE utf8mb4_unicode_ci NOT NULL,
  `nip` varchar(20) COLLATE utf8mb4_unicode_ci NOT NULL,
  `alamat` varchar(250) COLLATE utf8mb4_unicode_ci NOT NULL,
  `role` tinyint(4) NOT NULL DEFAULT '1',
  `email_verified_at` timestamp NULL DEFAULT NULL,
  `password` varchar(255) COLLATE utf8mb4_unicode_ci NOT NULL,
  `remember_token` varchar(100) COLLATE utf8mb4_unicode_ci DEFAULT NULL,
  `created_at` timestamp NULL DEFAULT NULL,
  `updated_at` timestamp NULL DEFAULT NULL
) ENGINE=InnoDB DEFAULT CHARSET=utf8mb4 COLLATE=utf8mb4_unicode_ci;

--
<<<<<<< HEAD
-- Dumping data untuk tabel `users`
=======
-- Dumping data for table `users`
>>>>>>> third commit
--

INSERT INTO `users` (`id`, `name`, `email`, `nip`, `alamat`, `role`, `email_verified_at`, `password`, `remember_token`, `created_at`, `updated_at`) VALUES
(1, 'Admin', 'heruwansyah@gmail.com', '12122', 'bbhs', 1, NULL, 'asdasa', 'v0JcOP9QmqYTTCQoEDKQVmPL44CDnrDIJ9lOPnX2kQqTSfwQywzGgSJJEP18', '2019-01-09 00:39:33', '2019-03-30 16:13:28'),
<<<<<<< HEAD
(2, 'operator', 'operator@gmail.com', '', '', 2, NULL, '$2y$10$.BEv8HA2THwWbOuXfGDRaOxljUG4j0T9b4EMCqSA/pLdGS7wTecBe', 'JUgJe8vI0X93zDEO2a8c6tVju5jVwcZVyoXHXWyX23D2tYZaBnZwAVTkRHot', '2019-01-14 17:52:26', '2019-01-14 17:52:26'),
(3, 'Peminjam', 'peminjam@gmail.com', '001', 'perumahan bla bla', 3, NULL, '$2y$10$8.DDNN6Hy83x2LrMxG7xFensF2.uAPFH2wvCO1kJoiRnsXu6uixUe', 'VfPSKeQLcndSMrROqgTQ7awpsGFOlTLGtSSyZ6D5V83NddvhnlHcqLCIvOvy', '2019-01-13 21:14:11', '2019-01-13 21:14:11'),
(4, 'kai', 'kaiidris423@gmail.com', '221', 'bbhs kp', 1, NULL, '$2y$10$PRK6vpis6sQFVWI2izTyVu6otqYftU6h8z78PphLJgedCVpP5f/5a', NULL, '2019-01-23 02:23:22', '2019-01-23 02:23:22'),
(6, 'heru', 'heruwansyah032000@gmail.com', '2312', 'bbhs', 1, NULL, '$2y$10$Vh8bli1Eu9q/Jd7iJFAzvuatLvgTgyKUUju8qk012yRo7B54Fdy6G', 'WsHUCGetvJdDSdJ8otyfk4rqus7eavmqVl03u1cjml9OQn3HyrahkHRgPxwA', '2019-01-23 03:00:24', '2019-03-12 00:42:52'),
(7, 'name', 'email', 'nip', 'alamat', 1, NULL, '$2y$10$5wXyFOFptPmi1JOOb387n.V6O/e3O2WNXMFWB8akblM3ipDb1nLJ6', NULL, '2019-01-25 22:41:19', '2019-01-25 22:41:19'),
(12, 'asdasd@as.com', 'asdasd@as.com', '1231231', 'asdasd@as.com', 1, NULL, '$2y$10$3AtOs44Gjb3MWJSqPosecuUVlbVWuotK0gMmCIm345tkmzbhda6pm', NULL, '2019-01-25 22:22:48', '2019-01-25 22:22:48'),
(15, 'heru', 'sadasdads@gmail.com', '213123', 'sadasdads@gmail.com', 2, NULL, '$2y$10$5XiskjrBsoFEazenU/sgJuB/p0ekuMpsSettpelcVJhw/D8EffgOm', NULL, '2019-01-25 22:25:48', '2019-01-25 22:25:48'),
(16, 'asdasd', 'asdasd', '3123123', 'aasdads', 2, NULL, '$2y$10$cRsIUoyts9yM7C0fra1xdepFGgPywPC5V3ei4UTK1LaVVuq.6D4m6', NULL, '2019-01-25 22:26:18', '2019-01-25 22:26:18'),
(18, 'sadasd', 'asdjbjw@', '23123', 'asdjbjw@', 2, NULL, '$2y$10$Ya4WW0ivBvcIftQ8HrHmFehgq.WsCzjpKIZbtig9ZjlG5sfjzBqYa', NULL, '2019-01-25 22:27:27', '2019-01-25 22:27:27'),
=======
(2, 'operator', 'operator@gmail.com', '021021231', 'bbhs', 2, NULL, '$2y$10$U20N.q2x6PnfcV6V37V5SOsOnte2r2kPDCBier8w1wB.BMIHo2F/e', 'Jp3o6igEG6fD4v5YJw7QjEr7mfkunt2DUdsiGvnnuraXWRHb8j6KFqpkQ4f7', '2019-01-14 17:52:26', '2019-04-02 20:37:49'),
(3, 'Peminjam', 'peminjam@gmail.com', '001', 'perumahan bla bla', 3, NULL, '$2y$10$PaanRF9FgunZzDX2Jhyc4O11aPe.2wSLZvWWaRxYlOyeb6jswYvmG', 'DVifCxUjGMuaWJgh91dCKjOPxcoZ8kc5iQwwtRa4JqckpW2UblLarz1kwcPm', '2019-01-13 21:14:11', '2019-04-02 20:38:55'),
(4, 'kai', 'kaiidris423@gmail.com', '221', 'bbhs kp', 1, NULL, '$2y$10$PRK6vpis6sQFVWI2izTyVu6otqYftU6h8z78PphLJgedCVpP5f/5a', NULL, '2019-01-23 02:23:22', '2019-01-23 02:23:22'),
(6, 'heru', 'heruwansyah032000@gmail.com', '2312', 'bbhs', 1, NULL, '$2y$10$e/T2tvUJpG5.2cPSLPYMhu3zjRb/ig5yrlHFoH/zfiTqIhpckcVoe', 'GoLesj0DPraI9wjjN0CSPioq6fx72KATuk3RHptSfACEMGHiKUfxXjfDMxDh', '2019-01-23 03:00:24', '2019-03-31 17:14:21'),
(12, 'asdasd@as.com', 'asdasd@as.com', '1231231', 'asdasd@as.com', 1, NULL, '$2y$10$3AtOs44Gjb3MWJSqPosecuUVlbVWuotK0gMmCIm345tkmzbhda6pm', NULL, '2019-01-25 22:22:48', '2019-01-25 22:22:48'),
(15, 'heru', 'sadasdads@gmail.com', '213123', 'sadasdads@gmail.com', 2, NULL, '$2y$10$5XiskjrBsoFEazenU/sgJuB/p0ekuMpsSettpelcVJhw/D8EffgOm', NULL, '2019-01-25 22:25:48', '2019-01-25 22:25:48'),
(16, 'asdasd', 'asdasd', '3123123', 'aasdads', 2, NULL, '$2y$10$cRsIUoyts9yM7C0fra1xdepFGgPywPC5V3ei4UTK1LaVVuq.6D4m6', NULL, '2019-01-25 22:26:18', '2019-01-25 22:26:18'),
>>>>>>> third commit
(19, 'heruwansyah', 'heru@gmail.com', '1111111', 'heru@gmail.com', 1, NULL, '$2y$10$kAVHvZWFqmPJjcR5oR0zUetMGkV.Qsf06EdDsWz4V/Pq8OIoWnIBm', NULL, '2019-02-11 23:33:28', '2019-02-11 23:33:28'),
(20, 'heruwans', 'sdasd@gmail.com', '12313', '12313', 1, NULL, '$2y$10$W8FAOeCluk9RpHL8843sUOIttZcW3TujE5xyOzJ7Cqx.ruSrBUoYm', 'BWqfofZtX14rT37quu0nvlQb7uJIbCnRdHJdj9HNnZtoYT2pRfeNX4eCdsHP', '2019-03-11 02:27:33', '2019-03-11 02:27:33'),
(21, 'adasdasd', 'asdsa@gmail.com', '12123', 'bbhs', 1, NULL, 'wkamsdjads', NULL, NULL, NULL),
(22, 'sadasd', 'sjdbabd@gmail.com', '2313', 'askdjoi', 1, NULL, 'doanskasj', NULL, NULL, NULL),
(23, 'sadasd', 'kakd@gmail.com', '3123', 'sjdnkn', 2, NULL, 'sjdoiadnslad', NULL, NULL, NULL),
<<<<<<< HEAD
(24, 'heruwans', 'sadad@gmail.com', '1', 'asdasd', 1, NULL, '$2y$10$XiwqaGefmLGdH5y89tZcaOtUoxhStts.lBi7G8ISbuGWSyoM2aDX.', NULL, '2019-03-11 02:31:47', '2019-03-11 02:31:47');
=======
(24, 'heruwans', 'sadad@gmail.com', '1', 'asdasd', 1, NULL, '$2y$10$XiwqaGefmLGdH5y89tZcaOtUoxhStts.lBi7G8ISbuGWSyoM2aDX.', NULL, '2019-03-11 02:31:47', '2019-03-11 02:31:47'),
(25, 'Riskyawati', 'riskyawati2020@gmail.com', '123456789', 'kepo', 3, NULL, '$2y$10$QhO5X6PZg9roNHngzI4b.OH5x2cXRpy9uIB4E8P3/mYGPG3BhPv5C', 'hqcssIsgIezT6gIExd2DE5vPwCuR1tbmvvha9fLnjFHW51QSltOk1tDO9meg', NULL, '2019-04-01 20:37:38'),
(27, 'herueru', 'heru032000@gmail.com', '1212312', 'bbhs', 3, NULL, '$2y$10$b1GDyziqAH4gKs6gkHfGJO.czEOcMy/3gNs1y6dC0JvGVDfkkE23K', 'Xgtt4uWRPYbrvFAk2Qb6dXVdbrWz2BytUVOMQgUkkJI3XxsEIvyr9csJ1REJ', NULL, NULL);
>>>>>>> third commit

--
-- Indexes for dumped tables
--

--
<<<<<<< HEAD
-- Indeks untuk tabel `inventaris`
=======
-- Indexes for table `inventaris`
>>>>>>> third commit
--
ALTER TABLE `inventaris`
  ADD PRIMARY KEY (`id`),
  ADD KEY `id_ruang` (`id_ruang`),
  ADD KEY `id_jenis` (`id_jenis`),
  ADD KEY `pegawai_id` (`pegawai_id`);

--
<<<<<<< HEAD
-- Indeks untuk tabel `jenis`
=======
-- Indexes for table `jenis`
>>>>>>> third commit
--
ALTER TABLE `jenis`
  ADD PRIMARY KEY (`id`);

--
<<<<<<< HEAD
-- Indeks untuk tabel `migrations`
=======
-- Indexes for table `migrations`
>>>>>>> third commit
--
ALTER TABLE `migrations`
  ADD PRIMARY KEY (`id`);

--
<<<<<<< HEAD
-- Indeks untuk tabel `password_resets`
=======
-- Indexes for table `password_resets`
>>>>>>> third commit
--
ALTER TABLE `password_resets`
  ADD KEY `password_resets_email_index` (`email`);

--
<<<<<<< HEAD
-- Indeks untuk tabel `ruang`
=======
-- Indexes for table `ruang`
>>>>>>> third commit
--
ALTER TABLE `ruang`
  ADD PRIMARY KEY (`id`);

--
<<<<<<< HEAD
-- Indeks untuk tabel `transaksi`
=======
-- Indexes for table `transaksi`
>>>>>>> third commit
--
ALTER TABLE `transaksi`
  ADD PRIMARY KEY (`id`),
  ADD KEY `barang_id` (`barang_id`),
  ADD KEY `pegawai_id` (`pegawai_id`),
  ADD KEY `pegawai_id_2` (`pegawai_id`);

--
<<<<<<< HEAD
-- Indeks untuk tabel `users`
=======
-- Indexes for table `users`
>>>>>>> third commit
--
ALTER TABLE `users`
  ADD PRIMARY KEY (`id`),
  ADD UNIQUE KEY `users_email_unique` (`email`);

--
<<<<<<< HEAD
-- AUTO_INCREMENT untuk tabel yang dibuang
--

--
-- AUTO_INCREMENT untuk tabel `inventaris`
=======
-- AUTO_INCREMENT for dumped tables
--

--
-- AUTO_INCREMENT for table `inventaris`
>>>>>>> third commit
--
ALTER TABLE `inventaris`
  MODIFY `id` int(9) NOT NULL AUTO_INCREMENT, AUTO_INCREMENT=14;

--
<<<<<<< HEAD
-- AUTO_INCREMENT untuk tabel `jenis`
=======
-- AUTO_INCREMENT for table `jenis`
>>>>>>> third commit
--
ALTER TABLE `jenis`
  MODIFY `id` int(9) NOT NULL AUTO_INCREMENT, AUTO_INCREMENT=3;

--
<<<<<<< HEAD
-- AUTO_INCREMENT untuk tabel `migrations`
=======
-- AUTO_INCREMENT for table `migrations`
>>>>>>> third commit
--
ALTER TABLE `migrations`
  MODIFY `id` int(10) UNSIGNED NOT NULL AUTO_INCREMENT, AUTO_INCREMENT=5;

--
<<<<<<< HEAD
-- AUTO_INCREMENT untuk tabel `ruang`
=======
-- AUTO_INCREMENT for table `ruang`
>>>>>>> third commit
--
ALTER TABLE `ruang`
  MODIFY `id` int(11) NOT NULL AUTO_INCREMENT, AUTO_INCREMENT=3;

--
<<<<<<< HEAD
-- AUTO_INCREMENT untuk tabel `transaksi`
--
ALTER TABLE `transaksi`
  MODIFY `id` int(9) NOT NULL AUTO_INCREMENT, AUTO_INCREMENT=2;

--
-- AUTO_INCREMENT untuk tabel `users`
--
ALTER TABLE `users`
  MODIFY `id` int(10) UNSIGNED NOT NULL AUTO_INCREMENT, AUTO_INCREMENT=25;

--
-- Ketidakleluasaan untuk tabel pelimpahan (Dumped Tables)
--

--
-- Ketidakleluasaan untuk tabel `inventaris`
=======
-- AUTO_INCREMENT for table `transaksi`
--
ALTER TABLE `transaksi`
  MODIFY `id` int(9) NOT NULL AUTO_INCREMENT, AUTO_INCREMENT=8;

--
-- AUTO_INCREMENT for table `users`
--
ALTER TABLE `users`
  MODIFY `id` int(10) UNSIGNED NOT NULL AUTO_INCREMENT, AUTO_INCREMENT=28;

--
-- Constraints for dumped tables
--

--
-- Constraints for table `inventaris`
>>>>>>> third commit
--
ALTER TABLE `inventaris`
  ADD CONSTRAINT `inventaris_ibfk_1` FOREIGN KEY (`id_jenis`) REFERENCES `jenis` (`id`),
  ADD CONSTRAINT `inventaris_ibfk_2` FOREIGN KEY (`id_ruang`) REFERENCES `ruang` (`id`),
  ADD CONSTRAINT `inventaris_ibfk_3` FOREIGN KEY (`pegawai_id`) REFERENCES `users` (`id`);

--
<<<<<<< HEAD
-- Ketidakleluasaan untuk tabel `transaksi`
=======
-- Constraints for table `transaksi`
>>>>>>> third commit
--
ALTER TABLE `transaksi`
  ADD CONSTRAINT `transaksi_ibfk_1` FOREIGN KEY (`barang_id`) REFERENCES `inventaris` (`id`),
  ADD CONSTRAINT `transaksi_ibfk_2` FOREIGN KEY (`pegawai_id`) REFERENCES `users` (`id`);
COMMIT;

/*!40101 SET CHARACTER_SET_CLIENT=@OLD_CHARACTER_SET_CLIENT */;
/*!40101 SET CHARACTER_SET_RESULTS=@OLD_CHARACTER_SET_RESULTS */;
/*!40101 SET COLLATION_CONNECTION=@OLD_COLLATION_CONNECTION */;
